account_id,customer_id
A0122,C0103
A0806,C0414
A0475,C0049
A0563,C0446
A0274,C0167
A0367,C0092
A0390,C0002
A0996,C0446
A0879,C0338
A0065,C0301
A0392,C0081
A0201,C0135
A0739,C0449
A0393,C0283
A0900,C0096
A0699,C0327
A0028,C0284
A0225,C0190
A0411,C0456
A0672,C0374
A0113,C0387
A0997,C0343
A0836,C0247
A0609,C0144
A0963,C0346
A0641,C0360
A0764,C0263
A0037,C0453
A0120,C0054
A0510,C0112
A0720,C0163
A0670,C0238
A0512,C0049
A0280,C0037
A0981,C0253
A0792,C0174
A0929,C0104
A0525,C0408
A0400,C0494
A0665,C0051
A0054,C0271
A0774,C0196
A0106,C0124
A0830,C0117
A0118,C0126
A0047,C0069
A0551,C0341
A0180,C0290
A0285,C0044
A0776,C0090
A0501,C0314
A0457,C0357
A0780,C0037
A0880,C0084
A0076,C0403
A0396,C0099
A0042,C0181
A0751,C0146
A0168,C0141
A0648,C0339
A0070,C0292
A0126,C0039
A0895,C0317
A0080,C0149
A0971,C0441
A0090,C0164
A0145,C0447
A0253,C0035
A0251,C0242
A0282,C0341
A0405,C0385
A0565,C0485
A0685,C0051
A0990,C0389
A0422,C0103
A0994,C0447
A0797,C0133
A0183,C0151
A0667,C0195
A0829,C0170
A0078,C0433
A0350,C0056
A0719,C0180
A0883,C0227
A0812,C0126
A0111,C0146
A0277,C0150
A0823,C0152
A0847,C0004
A0435,C0026
A0140,C0113
A0673,C0259
A0642,C0168
A0419,C0038
A0930,C0137
A0270,C0229
A0132,C0062
A0691,C0288
A0821,C0462
A0623,C0015
A0909,C0294
A0324,C0047
A0283,C0299
A0302,C0346
A0683,C0316
A0604,C0497
A0769,C0407
A0950,C0319
A0937,C0154
A0347,C0418
A0710,C0180
A0967,C0049
A0561,C0360
A0305,C0285
A0502,C0194
A0643,C0359
A0349,C0391
A0761,C0054
A0288,C0078
A0944,C0311
A0700,C0285
A0364,C0342
A0209,C0115
A0494,C0235
A0128,C0146
A0599,C0076
A0268,C0098
A0558,C0122
A0149,C0029
A0055,C0098
A0491,C0244
A0713,C0073
A0498,C0131
A0955,C0044
A0592,C0318
A0919,C0401
A0688,C0371
A0443,C0402
A0936,C0171
A0016,C0161
A0781,C0247
A0477,C0497
A0340,C0359
A0146,C0324
A0964,C0344
A0861,C0148
A0753,C0425
A0020,C0099
A0003,C0216
A0267,C0098
A0521,C0170
A0901,C0251
A0301,C0040
A0749,C0461
A0681,C0304
A0007,C0188
A0437,C0363
A0365,C0344
A0222,C0335
A0017,C0192
A0306,C0210
A0907,C0029
A0884,C0075
A0989,C0092
A0570,C0257
A0786,C0012
A0027,C0079
A0899,C0378
A0721,C0205
A0729,C0301
A0889,C0076
A0002,C0353
A0194,C0103
A0872,C0305
A0553,C0416
A0809,C0127
A0243,C0301
A0307,C0288
A0332,C0391
A0382,C0364
A0866,C0117
A0246,C0186
A0520,C0282
A0934,C0325
A0130,C0084
A0424,C0449
A0778,C0093
A0576,C0313
A0497,C0305
A0511,C0457
A0837,C0059
A0129,C0341
A0114,C0414
A0001,C0289
A0966,C0192
A0279,C0489
A0143,C0199
A0102,C0428
A0816,C0328
A0293,C0304
A0427,C0379
A0804,C0281
A0420,C0106
A0351,C0263
A0298,C0445
A0887,C0141
A0633,C0378
A0612,C0019
A0687,C0069
A0655,C0293
A0921,C0254
A0036,C0109
A0708,C0487
A0230,C0264
A0172,C0215
A0442,C0300
A0348,C0279
A0084,C0149
A0843,C0449
A0429,C0082
A0526,C0436
A0768,C0466
A0110,C0321
A0482,C0117
A0092,C0096
A0254,C0043
A0820,C0380
A0574,C0191
A0645,C0086
A0826,C0471
A0173,C0485
A0629,C0183
A0733,C0233
A0956,C0314
A0043,C0087
A0927,C0314
A0169,C0105
A0374,C0258
A0414,C0500
A0360,C0302
A0407,C0463
A0019,C0118
A0186,C0362
A0013,C0112
A0211,C0312
A0469,C0230
A0516,C0071
A0162,C0024
A0664,C0406
A0763,C0476
A0987,C0047
A0573,C0500
A0849,C0198
A0638,C0260
A0188,C0364
A0342,C0414
A0618,C0479
A0250,C0338
A0978,C0399
A0165,C0313
A0371,C0403
A0853,C0330
A0679,C0125
A0960,C0049
A0079,C0213
A0066,C0447
A0791,C0436
A0008,C0074
A0877,C0387
A0613,C0008
A0524,C0137
A0260,C0162
A0196,C0353
A0372,C0265
A0876,C0364
A0338,C0431
A0289,C0419
A0454,C0423
A0191,C0143
A0507,C0334
A0947,C0110
A0622,C0125
A0343,C0301
A0819,C0021
A0406,C0260
A0584,C0257
A0291,C0142
A0136,C0190
A0789,C0344
A0127,C0333
A0174,C0347
A0639,C0161
A0378,C0332
A0973,C0331
A0156,C0195
A0380,C0100
A0559,C0193
A0486,C0204
A0075,C0067
A0262,C0306
A0124,C0170
A0854,C0365
A0104,C0338
A0657,C0005
A0864,C0308
A0704,C0203
A0840,C0352
A0976,C0277
A0370,C0019
A0141,C0037
A0265,C0023
A0184,C0013
A0630,C0027
A0053,C0403
A0160,C0148
A0354,C0248
A0726,C0096
A0157,C0320
A0401,C0421
A0023,C0175
A0431,C0452
A0822,C0459
A0263,C0264
A0398,C0356
A0541,C0024
A0784,C0156
A0745,C0222
A0331,C0160
A0529,C0233
A0923,C0422
A0210,C0446
A0428,C0008
A0668,C0351
A0446,C0090
A0811,C0107
A0833,C0094
A0421,C0137
A0170,C0216
A0653,C0364
A0327,C0093
A0858,C0091
A0890,C0389
A0651,C0256
A0221,C0109
A0536,C0024
A0825,C0357
A0844,C0476
A0542,C0306
A0886,C0047
A0032,C0202
A0582,C0141
A0109,C0175
A0369,C0402
A0759,C0189
A0453,C0193
A0458,C0043
A0569,C0005
A0197,C0214
A0439,C0427
A0483,C0084
A0481,C0073
A0154,C0083
A0868,C0278
A0164,C0137
A0176,C0262
A0860,C0248
A0757,C0369
A0550,C0338
A0603,C0376
A0754,C0422
A0455,C0242
A0444,C0140
A0213,C0369
A0426,C0261
A0677,C0239
A0620,C0134
A0634,C0462
A0247,C0167
A0958,C0289
A0499,C0354
A0832,C0245
A0765,C0251
A0073,C0156
A0413,C0206
A0057,C0030
A0532,C0335
A0059,C0040
A0048,C0207
A0480,C0295
A0269,C0445
A0716,C0222
A0658,C0279
A0975,C0437
A0814,C0120
A0276,C0027
A0926,C0459
A0920,C0343
A0562,C0268
A0189,C0395
A0425,C0343
A0434,C0404
A0538,C0438
A0155,C0432
A0064,C0273
A0802,C0058
A0650,C0060
A0266,C0486
A0490,C0479
A0972,C0371
A0227,C0249
A0589,C0467
A0608,C0406
A0827,C0177
A0596,C0250
A0337,C0205
A0272,C0189
A0649,C0308
A0702,C0042
A0244,C0371
A0977,C0288
A0696,C0360
A0472,C0456
A0271,C0113
A0433,C0340
A0878,C0250
A0242,C0040
A0311,C0181
A0959,C0456
A0208,C0493
A0245,C0415
A0815,C0026
A0462,C0014
A0915,C0419
A0933,C0398
A0284,C0346
A0487,C0201
A0798,C0483
A0376,C0112
A0727,C0256
A0099,C0266
A0530,C0243
A0304,C0239
A0591,C0283
A0663,C0414
A0942,C0431
A0660,C0285
A0692,C0022
A0148,C0441
A0954,C0278
A0147,C0068
A0410,C0327
A0181,C0476
A0898,C0144
A0185,C0022
A0012,C0322
A0060,C0039
A0906,C0405
A0294,C0018
A0991,C0231
A0527,C0288
A0724,C0129
A0112,C0029
A0441,C0188
A0810,C0200
A0275,C0427
A0052,C0443
A0116,C0441
A0782,C0164
A0320,C0422
A0381,C0496
A0913,C0004
A0766,C0095
A0423,C0155
A0770,C0271
A0605,C0098
A0863,C0144
A0416,C0150
A0925,C0455
A0015,C0327
A0712,C0110
A0555,C0141
A0904,C0410
A0440,C0151
A0540,C0403
A0615,C0313
A0050,C0135
A0296,C0090
A0962,C0425
A0654,C0075
A0893,C0345
A0010,C0287
A0069,C0308
A0330,C0109
A0508,C0074
A0788,C0434
A0232,C0111
A0035,C0196
A0447,C0270
A0094,C0056
A0697,C0426
A0228,C0439
A0917,C0285
A0982,C0083
A0554,C0425
A0207,C0473
A0492,C0016
A0273,C0171
A0452,C0493
A0838,C0140
A0097,C0045
A0631,C0294
A0736,C0180
A0199,C0114
A0537,C0074
A0728,C0145
A0117,C0273
A0586,C0152
A0014,C0073
A0787,C0298
A0666,C0055
A0334,C0090
A0514,C0459
A0894,C0216
A0322,C0296
A0356,C0192
A0523,C0069
A0762,C0008
A0874,C0477
A0218,C0186
A0783,C0032
A0219,C0237
A0409,C0362
A0694,C0244
A0004,C0396
A0730,C0352
A0744,C0472
A0206,C0402
A0231,C0461
A0193,C0392
A0897,C0313
A0384,C0019
A0368,C0439
A0344,C0286
A0678,C0381
A0318,C0327
A0314,C0045
A0519,C0145
A0992,C0325
A0461,C0296
A0336,C0374
A0395,C0045
A0601,C0340
A0999,C0133
A0682,C0079
A0464,C0169
A0862,C0347
A0637,C0182
A0509,C0492
A0257,C0144
A0777,C0496
A0249,C0073
A0805,C0150
A0105,C0478
A0449,C0333
A0394,C0397
A0310,C0286
A0466,C0181
A0101,C0049
A0980,C0435
A0391,C0029
A0945,C0441
A0581,C0374
A0383,C0171
A0198,C0053
A0801,C0169
A0885,C0220
A0865,C0279
A0974,C0070
A0632,C0490
A0133,C0460
A0139,C0356
A0556,C0198
A0341,C0429
A0026,C0416
A0560,C0396
A0216,C0200
A0731,C0019
A0785,C0496
A0237,C0463
A0315,C0472
A0799,C0267
A0166,C0306
A0229,C0139
A0835,C0460
A0988,C0260
A0158,C0428
A0313,C0332
A0675,C0234
A0328,C0286
A0476,C0359
A0718,C0495
A0006,C0111
A0709,C0288
A0969,C0010
A0855,C0235
A0375,C0439
A0389,C0310
A0579,C0480
A0531,C0208
A0503,C0332
A0224,C0463
A0379,C0326
A0240,C0200
A0839,C0138
A0353,C0080
A0359,C0386
A0297,C0450
A0669,C0363
A0202,C0124
A0377,C0411
A0448,C0340
A0873,C0022
A0911,C0071
A0163,C0435
A0387,C0427
A0125,C0165
A0082,C0188
A0856,C0253
A0522,C0338
A0333,C0065
A0793,C0378
A0602,C0196
A0153,C0414
A0943,C0138
A0292,C0270
A0795,C0057
A0300,C0427
A0689,C0352
A0698,C0346
A0851,C0399
A0910,C0068
A0204,C0104
A0725,C0463
A0528,C0161
A0030,C0326
A0131,C0186
A0986,C0431
A0746,C0073
A0329,C0010
A0385,C0070
A0571,C0461
A0577,C0056
A0049,C0131
A0647,C0080
A0459,C0461
A0948,C0171
A0506,C0068
A0388,C0346
A0600,C0294
A0985,C0031
A0701,C0493
A0463,C0456
A0750,C0275
A0735,C0465
A0192,C0080
A0912,C0150
A0566,C0411
A0200,C0110
A0850,C0359
A0403,C0059
A0588,C0249
A0445,C0345
A0303,C0269
A0467,C0202
A0684,C0281
A0869,C0325
A0235,C0445
A0903,C0233
A0205,C0031
A0533,C0399
A0705,C0428
A0195,C0139
A0870,C0244
A0970,C0494
A0438,C0061
A0456,C0125
A0891,C0076
A0087,C0319
A0258,C0204
A0662,C0093
A0946,C0307
A0034,C0330
A0593,C0297
A0583,C0120
A0902,C0480
A0252,C0413
A0714,C0029
A0415,C0208
A0473,C0487
A0500,C0157
A0680,C0484
A0848,C0175
A0470,C0029
A0485,C0200
A0259,C0449
A0373,C0273
A0107,C0060
A0828,C0089
A0803,C0494
A0572,C0001
A0135,C0067
A0734,C0086
A0935,C0304
A0723,C0221
A0046,C0462
A0715,C0059
A0418,C0478
A0021,C0087
A0940,C0147
A0646,C0142
A0226,C0068
A0875,C0173
A0505,C0497
A0595,C0057
A0961,C0160
A0152,C0021
A0236,C0426
A0261,C0047
A0040,C0206
A0952,C0209
A0772,C0047
A0436,C0318
A0325,C0438
A0932,C0312
A0484,C0460
A0513,C0395
A0539,C0429
A0144,C0246
A0316,C0469
A0474,C0234
A0993,C0446
A0175,C0378
A0220,C0006
A0628,C0446
A0748,C0091
A0286,C0209
A0578,C0074
A0061,C0487
A0834,C0451
A0742,C0401
A0182,C0320
A0451,C0044
A0949,C0249
A0968,C0027
A0846,C0321
A0071,C0220
A0794,C0393
A0800,C0349
A0818,C0284
A0471,C0383
A0892,C0454
A0083,C0337
A0743,C0136
A0077,C0336
A0979,C0418
A0363,C0312
A0722,C0071
A0627,C0450
A0361,C0473
A0756,C0043
A0616,C0099
A0896,C0297
A0072,C0346
A0241,C0443
A0123,C0228
A0881,C0094
A0575,C0177
A0771,C0314
A0223,C0348
A0905,C0041
A0543,C0084
A0465,C0300
A0610,C0032
A0619,C0037
A0167,C0418
A0234,C0207
A0717,C0112
A0585,C0240
A0062,C0048
A0859,C0487
A0740,C0281
A0009,C0131
A0918,C0458
A0495,C0138
A0044,C0109
A0957,C0357
A0093,C0032
A0366,C0309
A0041,C0295
A0842,C0412
A0590,C0186
A0022,C0499
A0051,C0213
A0614,C0403
A0432,C0438
A0137,C0489
A0611,C0335
A0058,C0083
A0404,C0432
A0402,C0161
A0676,C0071
A0711,C0479
A0248,C0247
A0399,C0087
A0450,C0055
A0187,C0108
A0025,C0181
A0308,C0138
A0626,C0369
A0939,C0427
A0831,C0373
A0841,C0017
A0567,C0383
A0029,C0129
A0386,C0137
A0100,C0115
A0063,C0001
A0255,C0161
A0773,C0277
A0239,C0012
A0299,C0307
A0024,C0473
A0695,C0183
A0914,C0479
A0095,C0288
A0625,C0014
A0150,C0413
A0674,C0181
A0813,C0446
A0074,C0417
A0504,C0015
A0758,C0434
A0159,C0309
A0309,C0061
A0287,C0299
A0098,C0328
A0732,C0112
A0852,C0216
A0636,C0034
A0086,C0304
A0598,C0139
A0256,C0129
A0033,C0447
A0346,C0147
A0534,C0318
A0951,C0209
A0747,C0352
A0544,C0216
A0121,C0271
A0018,C0290
A0493,C0140
A0335,C0012
A0760,C0136
A0547,C0243
A0607,C0072
A0217,C0222
A0807,C0373
A0134,C0121
A0775,C0466
A0656,C0075
A0408,C0180
A0796,C0216
A0412,C0015
A0460,C0316
A0703,C0197
A0518,C0044
A0215,C0003
A0671,C0284
A0417,C0200
A0707,C0383
A0938,C0153
A0278,C0255
A0779,C0179
A0659,C0171
A0478,C0473
A0924,C0363
A0548,C0128
A0808,C0214
A0552,C0408
A0362,C0333
A0624,C0232
A0706,C0180
A0397,C0481
A0214,C0117
A0290,C0191
A0317,C0212
A0339,C0271
A0264,C0356
A0115,C0358
A0088,C0034
A0908,C0032
A0142,C0431
A0281,C0050
A0355,C0016
A0545,C0437
A0238,C0325
A0067,C0403
A0323,C0456
A0857,C0492
A0517,C0347
A0916,C0179
A0617,C0103
A0108,C0486
A0489,C0136
A0103,C0037
A0635,C0096
A0693,C0105
A0535,C0108
A0085,C0406
A0089,C0069
A0931,C0055
A0233,C0276
A0737,C0472
A0352,C0392
A0312,C0290
A0321,C0470
A0468,C0158
A0171,C0046
A0661,C0350
A0767,C0086
A0888,C0169
A0941,C0393
A0983,C0046
A0594,C0366
A0597,C0228
A0640,C0377
A0190,C0189
A0515,C0164
A0644,C0249
A0045,C0345
A0479,C0132
A0056,C0297
A0345,C0071
A0068,C0043
A0606,C0425
A0621,C0096
A0790,C0193
A0741,C0285
A0295,C0475
A0690,C0209
A0984,C0367
A0965,C0105
A0326,C0147
A0081,C0462
A0161,C0430
A0738,C0298
A0430,C0211
A0755,C0103
A0652,C0024
A0488,C0111
A0824,C0146
A0119,C0349
A0096,C0496
A0580,C0002
A0039,C0353
A0928,C0259
A0151,C0373
A0752,C0287
A0178,C0435
A0179,C0137
A0549,C0118
A0557,C0358
A0011,C0331
A0817,C0027
A0031,C0424
A0568,C0307
A0922,C0195
A0686,C0166
A0038,C0315
A0995,C0196
A0357,C0083
A0005,C0424
A0358,C0306
A0212,C0151
A0138,C0187
A0867,C0104
A0953,C0233
A0998,C0154
A0871,C0320
A1000,C0324
A0319,C0062
A0203,C0244
A0882,C0316
A0177,C0095
A0546,C0434
A0564,C0076
A0091,C0326
A0845,C0348
A0587,C0388
A0496,C0184
