customer_id,country,currency
C0103,India,EUR
C0414,UK,INR
C0049,India,GBP
C0446,Germany,INR
C0167,Germany,USD
C0092,Germany,INR
C0002,Australia,GBP
C0338,Singapore,GBP
C0301,USA,USD
C0081,India,EUR
C0135,Germany,GBP
C0449,Singapore,SGD
C0283,UK,GBP
C0096,Australia,AUD
C0327,India,SGD
C0284,Germany,INR
C0190,USA,USD
C0456,USA,SGD
C0374,USA,INR
C0387,Singapore,USD
C0343,USA,USD
C0247,India,EUR
C0144,USA,INR
C0346,India,INR
C0360,India,INR
C0263,UK,USD
C0453,India,USD
C0054,USA,INR
C0112,USA,EUR
C0163,Singapore,USD
C0384,India,USD
C0238,Australia,SGD
C0286,Germany,USD
C0037,Singapore,USD
C0253,USA,EUR
C0174,UK,SGD
C0104,USA,EUR
C0408,Germany,GBP
C0494,Australia,INR
C0051,UK,SGD
C0271,India,INR
C0196,Singapore,INR
C0124,Australia,EUR
C0117,USA,INR
C0126,USA,AUD
C0069,USA,SGD
C0341,Germany,USD
C0290,UK,GBP
C0016,UK,USD
C0033,Singapore,EUR
C0044,Singapore,INR
C0090,Singapore,GBP
C0314,UK,AUD
C0357,India,USD
C0084,USA,SGD
C0403,USA,INR
C0099,USA,INR
C0181,UK,SGD
C0146,Germany,USD
C0141,UK,USD
C0339,Singapore,USD
C0292,Germany,EUR
C0039,India,AUD
C0317,USA,USD
C0312,Australia,AUD
C0149,Australia,AUD
C0402,USA,USD
C0441,Germany,GBP
C0164,UK,INR
C0447,USA,USD
C0035,Australia,GBP
C0242,Singapore,AUD
C0385,Australia,INR
C0485,Singapore,GBP
C0072,UK,GBP
C0389,Australia,EUR
C0133,Germany,GBP
C0034,Singapore,GBP
C0151,India,SGD
C0195,Singapore,GBP
C0170,Australia,AUD
C0433,UK,AUD
C0056,India,AUD
C0180,Australia,SGD
C0014,India,EUR
C0227,USA,AUD
C0150,Australia,SGD
C0152,USA,EUR
C0004,Australia,SGD
C0026,Singapore,INR
C0113,USA,GBP
C0259,Australia,GBP
C0168,Germany,USD
C0038,Australia,USD
C0137,Germany,EUR
C0229,Germany,SGD
C0062,USA,AUD
C0288,Singapore,SGD
C0462,India,EUR
C0015,Singapore,USD
C0294,Germany,AUD
C0047,Germany,AUD
C0299,Singapore,INR
C0316,Germany,INR
C0497,UK,USD
C0407,Australia,AUD
C0319,India,AUD
C0154,India,INR
C0418,USA,EUR
C0285,Singapore,AUD
C0194,Germany,USD
C0359,UK,GBP
C0391,USA,USD
C0078,Australia,EUR
C0311,UK,GBP
C0119,Germany,AUD
C0342,USA,GBP
C0115,Australia,USD
C0235,Germany,GBP
C0076,Singapore,GBP
C0098,Singapore,USD
C0122,UK,INR
C0029,India,EUR
C0244,USA,SGD
C0073,USA,USD
C0131,Singapore,INR
C0318,India,AUD
C0089,India,GBP
C0401,UK,AUD
C0371,UK,EUR
C0171,UK,INR
C0161,Singapore,GBP
C0324,Australia,AUD
C0344,Germany,EUR
C0148,Australia,AUD
C0425,UK,EUR
C0216,India,SGD
C0251,UK,GBP
C0040,Australia,AUD
C0461,USA,SGD
C0304,Singapore,EUR
C0188,Singapore,EUR
C0363,Australia,GBP
C0224,Australia,EUR
C0335,Singapore,AUD
C0192,Germany,SGD
C0210,Australia,AUD
C0226,Germany,USD
C0075,UK,SGD
C0257,Germany,SGD
C0012,Germany,EUR
C0079,Australia,GBP
C0378,Germany,SGD
C0166,USA,INR
C0205,Singapore,GBP
C0353,USA,USD
C0305,India,AUD
C0416,UK,INR
C0383,India,INR
C0127,Germany,GBP
C0059,Germany,GBP
C0364,Germany,INR
C0186,Singapore,INR
C0282,Germany,SGD
C0325,Singapore,USD
C0093,Germany,SGD
C0313,Australia,INR
C0457,Singapore,INR
C0178,Germany,SGD
C0289,India,SGD
C0459,UK,AUD
C0489,India,AUD
C0199,Singapore,EUR
C0428,UK,EUR
C0328,UK,SGD
C0379,Singapore,AUD
C0281,India,EUR
C0381,Singapore,INR
C0106,Australia,GBP
C0445,Germany,INR
C0019,Germany,GBP
C0293,India,INR
C0254,UK,EUR
C0109,Singapore,USD
C0487,Singapore,USD
C0264,UK,EUR
C0215,UK,SGD
C0300,Germany,AUD
C0279,India,SGD
C0142,USA,GBP
C0427,Australia,INR
C0082,India,SGD
C0436,USA,AUD
C0466,UK,USD
C0321,Australia,SGD
C0043,UK,INR
C0130,India,GBP
C0380,Singapore,INR
C0191,Singapore,EUR
C0086,Australia,GBP
C0471,Singapore,USD
C0183,UK,SGD
C0233,Germany,AUD
C0017,USA,USD
C0087,USA,AUD
C0491,Singapore,AUD
C0223,USA,USD
C0105,USA,GBP
C0258,Singapore,AUD
C0500,Germany,AUD
C0032,USA,INR
C0302,Australia,INR
C0348,Singapore,GBP
C0463,Germany,AUD
C0118,Singapore,SGD
C0362,USA,INR
C0230,Australia,AUD
C0071,Singapore,SGD
C0024,Australia,GBP
C0406,Singapore,INR
C0432,Germany,SGD
C0476,India,USD
C0198,India,AUD
C0260,UK,EUR
C0479,USA,AUD
C0399,India,INR
C0442,USA,SGD
C0330,Singapore,GBP
C0125,Australia,INR
C0213,Australia,INR
C0074,Germany,INR
C0008,Germany,EUR
C0162,Germany,SGD
C0265,Australia,GBP
C0496,Germany,GBP
C0431,UK,EUR
C0419,Germany,AUD
C0423,USA,INR
C0143,Singapore,EUR
C0219,India,EUR
C0334,Germany,USD
C0110,India,GBP
C0267,Australia,GBP
C0417,Singapore,USD
C0021,Australia,INR
C0333,Australia,AUD
C0347,Australia,AUD
C0332,India,USD
C0331,UK,SGD
C0100,USA,GBP
C0193,Germany,EUR
C0204,USA,INR
C0067,Singapore,INR
C0306,India,AUD
C0365,Singapore,EUR
C0250,Singapore,SGD
C0005,Singapore,INR
C0310,Germany,SGD
C0308,Australia,GBP
C0203,USA,EUR
C0435,Germany,AUD
C0352,India,SGD
C0208,Australia,AUD
C0277,Germany,GBP
C0023,UK,SGD
C0398,Singapore,AUD
C0066,USA,GBP
C0013,Germany,GBP
C0027,Singapore,AUD
C0248,India,USD
C0320,Germany,EUR
C0452,UK,EUR
C0421,UK,GBP
C0175,Singapore,AUD
C0101,Germany,USD
C0455,UK,AUD
C0438,Germany,AUD
C0138,Germany,AUD
C0356,UK,EUR
C0156,USA,INR
C0222,UK,AUD
C0160,USA,USD
C0422,UK,AUD
C0351,Germany,SGD
C0107,Singapore,GBP
C0094,India,USD
C0091,Australia,USD
C0256,India,AUD
C0303,UK,AUD
C0483,USA,EUR
C0202,India,GBP
C0273,Germany,USD
C0001,UK,AUD
C0189,Germany,EUR
C0481,Germany,SGD
C0214,India,GBP
C0057,UK,SGD
C0083,USA,GBP
C0278,UK,SGD
C0262,Australia,USD
C0369,Germany,USD
C0434,Australia,GBP
C0376,Australia,EUR
C0295,Germany,INR
C0140,India,GBP
C0153,Australia,AUD
C0261,USA,INR
C0239,Singapore,SGD
C0134,UK,SGD
C0354,Singapore,SGD
C0245,Singapore,AUD
C0451,UK,USD
C0206,India,EUR
C0030,UK,EUR
C0185,Germany,INR
C0207,USA,INR
C0478,Germany,AUD
C0437,Germany,SGD
C0392,Singapore,SGD
C0120,UK,SGD
C0077,UK,GBP
C0061,India,EUR
C0268,Germany,SGD
C0395,UK,EUR
C0404,USA,EUR
C0058,India,INR
C0060,Germany,USD
C0486,Australia,EUR
C0249,UK,INR
C0467,USA,INR
C0187,Australia,INR
C0177,Singapore,AUD
C0201,UK,INR
C0042,India,EUR
C0287,Australia,AUD
C0340,Germany,USD
C0469,UK,INR
C0493,Australia,USD
C0429,India,SGD
C0415,India,INR
C0145,India,GBP
C0006,UK,GBP
C0337,India,AUD
C0266,India,EUR
C0382,UK,INR
C0243,India,AUD
C0022,Germany,INR
C0068,UK,SGD
C0444,USA,AUD
C0322,USA,INR
C0405,Australia,SGD
C0018,India,AUD
C0231,Australia,SGD
C0326,USA,SGD
C0129,Germany,EUR
C0046,USA,GBP
C0200,UK,EUR
C0240,India,INR
C0443,Australia,EUR
C0377,Germany,INR
C0108,Australia,INR
C0095,Singapore,SGD
C0155,USA,SGD
C0111,Singapore,AUD
C0388,Singapore,EUR
C0410,Australia,SGD
C0241,Singapore,AUD
C0329,UK,EUR
C0345,Singapore,SGD
C0375,India,GBP
C0007,UK,GBP
C0439,Australia,EUR
C0179,Australia,EUR
C0270,Singapore,AUD
C0350,USA,USD
C0426,UK,USD
C0157,India,SGD
C0132,Singapore,GBP
C0473,Australia,SGD
C0045,UK,AUD
C0055,India,USD
C0169,India,GBP
C0209,UK,EUR
C0114,Singapore,USD
C0217,UK,SGD
C0298,USA,INR
C0296,Germany,SGD
C0477,Germany,AUD
C0390,India,GBP
C0065,India,INR
C0237,Singapore,EUR
C0368,Australia,EUR
C0396,UK,INR
C0309,India,EUR
C0255,UK,INR
C0472,Australia,EUR
C0275,Australia,GBP
C0063,Germany,EUR
C0412,Germany,AUD
C0448,Germany,INR
C0358,Germany,GBP
C0355,USA,GBP
C0394,Germany,GBP
C0182,UK,EUR
C0011,Australia,GBP
C0492,UK,AUD
C0025,Singapore,EUR
C0397,India,GBP
C0474,Singapore,SGD
C0031,UK,GBP
C0053,India,INR
C0220,Singapore,USD
C0070,Australia,SGD
C0490,India,SGD
C0460,India,EUR
C0323,UK,GBP
C0480,Germany,USD
C0139,UK,SGD
C0234,Germany,AUD
C0136,Australia,AUD
C0041,Singapore,GBP
C0495,USA,GBP
C0197,Australia,EUR
C0010,USA,USD
C0184,Germany,AUD
C0221,Australia,SGD
C0128,Australia,USD
C0080,Germany,GBP
C0386,USA,EUR
C0450,Australia,EUR
C0475,Australia,AUD
C0411,Australia,EUR
C0454,India,GBP
C0165,USA,GBP
C0349,Australia,INR
C0028,Australia,SGD
C0102,Singapore,INR
C0147,USA,SGD
C0280,Singapore,INR
C0366,Singapore,USD
C0050,USA,GBP
C0228,UK,USD
C0225,USA,AUD
C0173,UK,GBP
C0465,Singapore,AUD
C0123,India,AUD
C0218,Singapore,AUD
C0269,Australia,SGD
C0440,Singapore,EUR
C0361,India,GBP
C0370,Singapore,USD
C0484,Germany,INR
C0307,Australia,GBP
C0400,USA,GBP
C0297,Australia,SGD
C0413,Germany,USD
C0121,Singapore,SGD
C0274,Germany,INR
C0272,Germany,USD
C0276,USA,SGD
C0420,Singapore,EUR
C0172,USA,INR
C0097,Germany,GBP
C0048,Australia,SGD
C0464,India,GBP
C0246,India,EUR
C0176,UK,EUR
C0470,Australia,USD
C0393,Germany,USD
C0212,Singapore,SGD
C0336,Germany,EUR
C0052,Germany,AUD
C0409,USA,EUR
C0367,USA,AUD
C0458,Singapore,USD
C0158,UK,INR
C0211,Germany,USD
C0236,Australia,EUR
C0499,USA,AUD
C0036,Australia,SGD
C0372,USA,AUD
C0424,Singapore,AUD
C0482,Singapore,EUR
C0373,UK,EUR
C0315,UK,INR
C0009,UK,SGD
C0003,Singapore,USD
C0498,UK,SGD
C0468,Singapore,SGD
C0430,Australia,SGD
C0088,USA,USD
C0252,UK,AUD
C0232,UK,SGD
C0116,India,AUD
C0159,USA,SGD
C0020,Australia,EUR
C0488,UK,USD
C0291,Germany,EUR
C0064,India,INR
C0085,Germany,EUR
